pathogen,med,ciL,ciU
DENV1,0.1703245,0.1530063,0.18825725
CHIKV,0.1289315,0.1129381,0.14545405
JEV,0.251376,0.228882825,0.275132225
