pars,med,ciL,ciU
rho00,0.5605295,0.539277975,0.5815834
