par,med,ciL,ciU
sd0,0.4662115,0.455632375,0.4777241
sd1,0.961378,0.91446435,1.01084025
